timestamp,power_w,temperature_c,gpu_util_pct,memory_used_mib,graphics_clock_mhz,memory_clock_mhz
2026/07/30 23:51:24.997, 18.76, 41, 0, 770, 180, 405
2026/07/30 23:51:26.062, 81.97, 42, 0, 1307, 2610, 13365
2026/07/30 23:51:27.135, 82.50, 42, 0, 86369, 2610, 13365
2026/07/30 23:51:28.210, 102.34, 42, 84, 86369, 2610, 13365
2026/07/30 23:51:29.282, 103.50, 43, 84, 86369, 2610, 13365
2026/07/30 23:51:30.358, 103.48, 43, 83, 86369, 2617, 13365
2026/07/30 23:51:31.432, 103.87, 43, 84, 86369, 2610, 13365
2026/07/30 23:51:32.511, 103.70, 43, 85, 86369, 2617, 13365
2026/07/30 23:51:33.580, 101.61, 42, 4, 93141, 2610, 13365
2026/07/30 23:51:34.648, 92.30, 42, 0, 93141, 2617, 13365
2026/07/30 23:51:35.715, 83.60, 42, 0, 93141, 2610, 13365
2026/07/30 23:51:36.776, 80.26, 42, 0, 93141, 2610, 13365
2026/07/30 23:51:37.850, 176.41, 48, 95, 93223, 2055, 13365
2026/07/30 23:51:38.925, 281.54, 54, 77, 93223, 2055, 13365
2026/07/30 23:51:39.993, 263.98, 47, 100, 93223, 2587, 13365
2026/07/30 23:51:41.066, 280.41, 52, 78, 93223, 2002, 13365
2026/07/30 23:51:42.139, 296.22, 47, 100, 93223, 2490, 13365
2026/07/30 23:51:43.204, 286.91, 55, 77, 93223, 2002, 13365
2026/07/30 23:51:44.268, 261.64, 48, 78, 93223, 2152, 13365
2026/07/30 23:51:45.343, 292.51, 48, 100, 93223, 2422, 13365
2026/07/30 23:51:46.408, 314.70, 52, 89, 93223, 1980, 13365
2026/07/30 23:51:47.484, 299.39, 55, 76, 93223, 2002, 13365
2026/07/30 23:51:48.554, 315.95, 48, 100, 93223, 2565, 13365
2026/07/30 23:51:49.627, 297.18, 52, 89, 93223, 1972, 13365
2026/07/30 23:51:50.693, 296.75, 57, 74, 93223, 2070, 13365
2026/07/30 23:51:51.757, 297.32, 58, 75, 93223, 2002, 13365
2026/07/30 23:51:52.823, 300.17, 49, 93, 93223, 2527, 13365
2026/07/30 23:51:53.895, 301.58, 54, 98, 93223, 2122, 13365
2026/07/30 23:51:54.968, 301.10, 58, 75, 93223, 1980, 13365
2026/07/30 23:51:56.044, 300.98, 49, 82, 93223, 2332, 13365
2026/07/30 23:51:57.122, 318.39, 51, 100, 93223, 2415, 13365
2026/07/30 23:51:58.198, 318.22, 54, 95, 93223, 1957, 13365
2026/07/30 23:51:59.267, 300.87, 51, 100, 93223, 2152, 13365
2026/07/30 23:52:00.338, 318.26, 54, 89, 93223, 1957, 13365
2026/07/30 23:52:01.408, 305.41, 60, 72, 93223, 1957, 13365
2026/07/30 23:52:02.487, 318.61, 50, 82, 93223, 2407, 13365
2026/07/30 23:52:03.566, 318.96, 52, 84, 93223, 2430, 13365
2026/07/30 23:52:04.637, 302.42, 55, 100, 93223, 1965, 13365
2026/07/30 23:52:05.710, 306.79, 59, 98, 93223, 1965, 13365
2026/07/30 23:52:06.776, 310.05, 55, 100, 93223, 1950, 13365
2026/07/30 23:52:07.845, 319.43, 59, 100, 93223, 1972, 13365
2026/07/30 23:52:08.909, 305.59, 57, 80, 93223, 2175, 13365
2026/07/30 23:52:09.979, 305.21, 52, 75, 93223, 2542, 13365
2026/07/30 23:52:11.048, 316.86, 53, 88, 93223, 2227, 13365
2026/07/30 23:52:12.123, 310.17, 57, 100, 93223, 1950, 13365
2026/07/30 23:52:13.193, 307.02, 60, 100, 93223, 1965, 13365
2026/07/30 23:52:14.274, 311.40, 58, 97, 93223, 1965, 13365
2026/07/30 23:52:15.352, 318.42, 57, 100, 93223, 1957, 13365
2026/07/30 23:52:16.429, 319.98, 61, 100, 93223, 1935, 13365
2026/07/30 23:52:17.507, 303.56, 61, 83, 93223, 2085, 13365
2026/07/30 23:52:18.577, 303.77, 54, 74, 93223, 2497, 13365
2026/07/30 23:52:19.657, 303.37, 54, 79, 93223, 2400, 13365
2026/07/30 23:52:20.731, 312.19, 55, 93, 93223, 2002, 13365
2026/07/30 23:52:21.797, 302.27, 53, 71, 93223, 2535, 13365
2026/07/30 23:52:22.863, 303.57, 54, 77, 93223, 2385, 13365
2026/07/30 23:52:23.926, 303.44, 55, 86, 93223, 2197, 13365
2026/07/30 23:52:24.991, 323.48, 58, 100, 93223, 1942, 13365
2026/07/30 23:52:26.053, 323.97, 58, 100, 93223, 1935, 13365
2026/07/30 23:52:27.115, 321.97, 63, 97, 93223, 1942, 13365
2026/07/30 23:52:28.179, 329.94, 64, 92, 93223, 2017, 13365
2026/07/30 23:52:29.246, 321.73, 59, 99, 93223, 1935, 13365
2026/07/30 23:52:30.317, 314.46, 58, 100, 93223, 1942, 13365
2026/07/30 23:52:31.390, 311.59, 58, 100, 93223, 1965, 13365
2026/07/30 23:52:32.462, 306.31, 64, 95, 93223, 1965, 13365
2026/07/30 23:52:33.535, 304.34, 63, 83, 93223, 2257, 13365
2026/07/30 23:52:34.602, 322.87, 54, 75, 93223, 2415, 13365
2026/07/30 23:52:35.667, 308.77, 55, 73, 93223, 2452, 13365
2026/07/30 23:52:36.728, 304.21, 55, 77, 93223, 2392, 13365
2026/07/30 23:52:37.788, 332.98, 64, 88, 93223, 2070, 13365
2026/07/30 23:52:38.851, 322.05, 57, 77, 93223, 2280, 13365
2026/07/30 23:52:39.915, 331.93, 56, 73, 93223, 2497, 13365
2026/07/30 23:52:40.983, 318.32, 56, 79, 93223, 2340, 13365
2026/07/30 23:52:42.052, 318.04, 56, 84, 93223, 2302, 13365
2026/07/30 23:52:43.128, 312.71, 59, 96, 93223, 1980, 13365
2026/07/30 23:52:44.198, 323.41, 60, 100, 93223, 1927, 13365
2026/07/30 23:52:45.272, 323.45, 56, 74, 93223, 2430, 13365
2026/07/30 23:52:46.339, 308.01, 57, 86, 93223, 2220, 13365
2026/07/30 23:52:47.406, 306.41, 59, 96, 93223, 1965, 13365
2026/07/30 23:52:48.469, 302.79, 60, 100, 93223, 1942, 13365
2026/07/30 23:52:49.535, 340.90, 60, 100, 93223, 1942, 13365
2026/07/30 23:52:50.604, 343.83, 61, 100, 93223, 1950, 13365
2026/07/30 23:52:51.667, 318.57, 62, 100, 93223, 1942, 13365
2026/07/30 23:52:52.738, 322.34, 65, 95, 93223, 1942, 13365
2026/07/30 23:52:53.809, 322.35, 58, 93, 93223, 1972, 13365
2026/07/30 23:52:54.884, 307.48, 61, 100, 93223, 1927, 13365
2026/07/30 23:52:55.948, 308.82, 60, 100, 93223, 1897, 13365
2026/07/30 23:52:57.010, 305.72, 61, 100, 93223, 1927, 13365
2026/07/30 23:52:58.074, 337.36, 63, 100, 93223, 1920, 13365
2026/07/30 23:52:59.140, 324.65, 65, 98, 93223, 1920, 13365
2026/07/30 23:53:00.203, 319.20, 66, 93, 93223, 1972, 13365
2026/07/30 23:53:01.276, 323.01, 58, 87, 93223, 2017, 13365
2026/07/30 23:53:02.351, 305.95, 58, 87, 93223, 2047, 13365
2026/07/30 23:53:03.416, 306.58, 58, 91, 93223, 1980, 13365
2026/07/30 23:53:04.480, 323.73, 59, 90, 93223, 1987, 13365
2026/07/30 23:53:05.544, 321.48, 59, 90, 93223, 1987, 13365
2026/07/30 23:53:06.616, 321.88, 59, 92, 93223, 1957, 13365
2026/07/30 23:53:07.683, 321.06, 58, 88, 93223, 2017, 13365
2026/07/30 23:53:08.745, 322.52, 67, 93, 93223, 2002, 13365
2026/07/30 23:53:09.809, 324.67, 67, 95, 93223, 2032, 13365
2026/07/30 23:53:10.878, 325.01, 65, 100, 93223, 1927, 13365
2026/07/30 23:53:11.952, 321.44, 64, 100, 93223, 1942, 13365
2026/07/30 23:53:13.016, 321.53, 62, 100, 93223, 1942, 13365
2026/07/30 23:53:14.080, 345.46, 62, 100, 93223, 1920, 13365
2026/07/30 23:53:15.143, 315.51, 64, 100, 93223, 1927, 13365
2026/07/30 23:53:16.212, 320.29, 67, 94, 93223, 1935, 13365
2026/07/30 23:53:17.283, 324.12, 59, 92, 93223, 1972, 13365
2026/07/30 23:53:18.351, 325.75, 62, 100, 93223, 1920, 13365
2026/07/30 23:53:19.423, 311.21, 62, 100, 93223, 1935, 13365
2026/07/30 23:53:20.486, 312.16, 62, 100, 93223, 1935, 13365
2026/07/30 23:53:21.550, 325.47, 62, 100, 93223, 1942, 13365
2026/07/30 23:53:22.612, 347.55, 62, 100, 93223, 1920, 13365
2026/07/30 23:53:23.684, 318.37, 65, 100, 93223, 1897, 13365
2026/07/30 23:53:24.762, 312.03, 58, 78, 93223, 2295, 13365
2026/07/30 23:53:25.836, 308.81, 59, 87, 93223, 2227, 13365
2026/07/30 23:53:26.902, 307.72, 60, 90, 93223, 2002, 13365
2026/07/30 23:53:27.968, 341.54, 62, 96, 93223, 1950, 13365
2026/07/30 23:53:29.032, 320.73, 63, 100, 93223, 1912, 13365
2026/07/30 23:53:30.097, 340.40, 62, 100, 93223, 1905, 13365
2026/07/30 23:53:31.162, 320.98, 63, 100, 93223, 1935, 13365
2026/07/30 23:53:32.244, 324.77, 59, 78, 93223, 2235, 13365
2026/07/30 23:53:33.324, 314.99, 59, 84, 93223, 2085, 13365
2026/07/30 23:53:34.388, 322.93, 59, 83, 93223, 2085, 13365
2026/07/30 23:53:35.452, 343.44, 59, 85, 93223, 2100, 13365
2026/07/30 23:53:36.517, 346.56, 60, 87, 93223, 2047, 13365
2026/07/30 23:53:37.589, 319.58, 61, 95, 93223, 1965, 13365
2026/07/30 23:53:38.662, 325.95, 64, 99, 93223, 1912, 13365
2026/07/30 23:53:39.731, 325.82, 64, 98, 93223, 1950, 13365
2026/07/30 23:53:40.796, 323.71, 66, 81, 93223, 2242, 13365
2026/07/30 23:53:41.860, 325.75, 66, 81, 93223, 2242, 13365
2026/07/30 23:53:42.925, 324.33, 65, 80, 93223, 2190, 13365
2026/07/30 23:53:43.991, 326.54, 58, 73, 93223, 2377, 13365
2026/07/30 23:53:45.065, 324.46, 58, 69, 93223, 2422, 13365
2026/07/30 23:53:46.135, 316.72, 59, 74, 93223, 2392, 13365
2026/07/30 23:53:47.203, 329.91, 59, 76, 93223, 2325, 13365
2026/07/30 23:53:48.266, 342.71, 63, 100, 93223, 1890, 13365
2026/07/30 23:53:49.333, 322.57, 65, 100, 93223, 1897, 13365
2026/07/30 23:53:50.408, 326.31, 65, 100, 93223, 1957, 13365
2026/07/30 23:53:51.482, 326.44, 65, 100, 93223, 1965, 13365
2026/07/30 23:53:52.545, 325.77, 65, 100, 93223, 1897, 13365
2026/07/30 23:53:53.611, 341.51, 67, 98, 93223, 1897, 13365
2026/07/30 23:53:54.675, 325.96, 67, 100, 93223, 1950, 13365
2026/07/30 23:53:55.748, 328.36, 61, 89, 93223, 2040, 13365
2026/07/30 23:53:56.822, 324.21, 61, 93, 93223, 1957, 13365
2026/07/30 23:53:57.888, 329.66, 62, 96, 93223, 1927, 13365
2026/07/30 23:53:58.952, 323.07, 64, 100, 93223, 1897, 13365
2026/07/30 23:54:00.019, 333.21, 64, 100, 93223, 1882, 13365
2026/07/30 23:54:01.089, 329.41, 62, 96, 93223, 1912, 13365
2026/07/30 23:54:02.162, 319.54, 64, 100, 93223, 1882, 13365
2026/07/30 23:54:03.231, 318.68, 64, 100, 93223, 1882, 13365
2026/07/30 23:54:04.295, 312.72, 59, 73, 93223, 2445, 13365
2026/07/30 23:54:05.361, 350.65, 59, 70, 93223, 2377, 13365
2026/07/30 23:54:06.423, 327.77, 59, 70, 93223, 2452, 13365
2026/07/30 23:54:07.494, 327.66, 59, 73, 93223, 2422, 13365
2026/07/30 23:54:08.570, 329.67, 59, 70, 93223, 2392, 13365
2026/07/30 23:54:09.636, 326.23, 59, 71, 93223, 2385, 13365
2026/07/30 23:54:10.702, 315.77, 60, 79, 93223, 2325, 13365
2026/07/30 23:54:11.766, 338.22, 68, 86, 93223, 2062, 13365
2026/07/30 23:54:12.829, 311.23, 60, 76, 93223, 2257, 13365
2026/07/30 23:54:13.894, 345.82, 59, 72, 93223, 2430, 13365
2026/07/30 23:54:14.961, 327.18, 60, 78, 93223, 2340, 13365
2026/07/30 23:54:16.025, 339.59, 60, 86, 93223, 2107, 13365
2026/07/30 23:54:17.100, 327.59, 62, 94, 93223, 1972, 13365
2026/07/30 23:54:18.174, 321.18, 65, 98, 93223, 1890, 13365
2026/07/30 23:54:19.245, 318.14, 65, 100, 93223, 1890, 13365
2026/07/30 23:54:20.310, 313.69, 59, 71, 93223, 2422, 13365
2026/07/30 23:54:21.373, 348.17, 60, 71, 93223, 2400, 13365
2026/07/30 23:54:22.437, 328.04, 60, 80, 93223, 2302, 13365
2026/07/30 23:54:23.501, 338.94, 62, 94, 93223, 1980, 13365
2026/07/30 23:54:24.565, 328.18, 64, 100, 93223, 1875, 13365
2026/07/30 23:54:25.628, 342.14, 63, 100, 93223, 1875, 13365
2026/07/30 23:54:26.696, 328.24, 65, 100, 93223, 1890, 13365
2026/07/30 23:54:27.771, 320.71, 61, 82, 93223, 2295, 13365
2026/07/30 23:54:28.840, 327.08, 61, 89, 93223, 2070, 13365
2026/07/30 23:54:29.904, 318.31, 63, 95, 93223, 1957, 13365
2026/07/30 23:54:30.965, 326.73, 65, 100, 93223, 1882, 13365
2026/07/30 23:54:32.028, 321.05, 64, 100, 93223, 1845, 13365
2026/07/30 23:54:33.092, 340.26, 63, 100, 93223, 1845, 13365
2026/07/30 23:54:34.155, 330.62, 64, 100, 93223, 1867, 13365
2026/07/30 23:54:35.222, 327.00, 65, 100, 93223, 1852, 13365
2026/07/30 23:54:36.299, 332.28, 61, 82, 93223, 2152, 13365
2026/07/30 23:54:37.364, 318.26, 62, 89, 93223, 2055, 13365
2026/07/30 23:54:38.430, 351.38, 62, 92, 93223, 1950, 13365
2026/07/30 23:54:39.496, 330.39, 64, 96, 93223, 1897, 13365
2026/07/30 23:54:40.564, 332.82, 62, 94, 93223, 1920, 13365
2026/07/30 23:54:41.636, 315.61, 62, 90, 93223, 1950, 13365
2026/07/30 23:54:42.703, 332.13, 62, 86, 93223, 2032, 13365
2026/07/30 23:54:43.766, 348.20, 69, 92, 93223, 1980, 13365
2026/07/30 23:54:44.830, 335.86, 68, 83, 93223, 2100, 13365
2026/07/30 23:54:45.894, 331.19, 66, 78, 93223, 2242, 13365
2026/07/30 23:54:46.963, 332.94, 62, 73, 93223, 2340, 13365
2026/07/30 23:54:48.034, 318.40, 60, 70, 93223, 2400, 13365
2026/07/30 23:54:49.110, 335.61, 60, 76, 93223, 2332, 13365
2026/07/30 23:54:50.178, 316.95, 61, 83, 93223, 2182, 13365
2026/07/30 23:54:51.243, 349.14, 61, 88, 93223, 2152, 13365
2026/07/30 23:54:52.307, 340.40, 69, 86, 93223, 2160, 13365
2026/07/30 23:54:53.369, 332.64, 68, 82, 93223, 2152, 13365
2026/07/30 23:54:54.436, 332.25, 65, 77, 93223, 2332, 13365
2026/07/30 23:54:55.508, 334.32, 60, 71, 93223, 2407, 13365
2026/07/30 23:54:56.580, 336.52, 60, 72, 93223, 2407, 13365
2026/07/30 23:54:57.646, 321.19, 61, 74, 93223, 2287, 13365
2026/07/30 23:54:58.708, 317.71, 61, 81, 93223, 2205, 13365
2026/07/30 23:54:59.775, 350.32, 70, 92, 93223, 1927, 13365
2026/07/30 23:55:00.840, 332.51, 69, 89, 93223, 2032, 13365
2026/07/30 23:55:01.903, 333.41, 68, 83, 93223, 2137, 13365
2026/07/30 23:55:02.972, 334.18, 64, 77, 93223, 2287, 13365
2026/07/30 23:55:04.045, 335.20, 60, 71, 93223, 2370, 13365
2026/07/30 23:55:05.111, 320.11, 60, 71, 93223, 2370, 13365
2026/07/30 23:55:06.176, 326.84, 60, 73, 93223, 2355, 13365
2026/07/30 23:55:07.240, 347.84, 61, 77, 93223, 2317, 13365
2026/07/30 23:55:08.303, 354.67, 69, 95, 93223, 1912, 13365
2026/07/30 23:55:09.367, 332.83, 69, 87, 93223, 2107, 13365
2026/07/30 23:55:10.433, 333.45, 65, 78, 93223, 2265, 13365
2026/07/30 23:55:11.508, 335.40, 60, 70, 93223, 2377, 13365
2026/07/30 23:55:12.580, 322.96, 61, 72, 93223, 2362, 13365
2026/07/30 23:55:13.651, 321.39, 61, 79, 93223, 2287, 13365
2026/07/30 23:55:14.718, 339.34, 62, 85, 93223, 2145, 13365
2026/07/30 23:55:15.782, 338.05, 69, 83, 93223, 2130, 13365
2026/07/30 23:55:16.846, 343.91, 65, 76, 93223, 2250, 13365
2026/07/30 23:55:17.909, 349.70, 60, 70, 93223, 2430, 13365
2026/07/30 23:55:18.973, 330.16, 61, 73, 93223, 2347, 13365
2026/07/30 23:55:20.044, 340.51, 62, 85, 93223, 2317, 13365
2026/07/30 23:55:21.113, 329.95, 65, 97, 93223, 1942, 13365
2026/07/30 23:55:22.184, 340.01, 65, 100, 93223, 1837, 13365
2026/07/30 23:55:23.253, 321.68, 64, 100, 93223, 1815, 13365
2026/07/30 23:55:24.323, 340.06, 62, 85, 93223, 1837, 13365
2026/07/30 23:55:25.387, 322.04, 64, 96, 93223, 1837, 13365
2026/07/30 23:55:26.451, 321.05, 65, 100, 93223, 1845, 13365
2026/07/30 23:55:27.516, 327.05, 64, 100, 93223, 2017, 13365
2026/07/30 23:55:28.581, 349.14, 65, 100, 93223, 2122, 13365
2026/07/30 23:55:29.645, 333.48, 69, 94, 93223, 2445, 13365
2026/07/30 23:55:30.709, 348.38, 69, 83, 93223, 2302, 13365
2026/07/30 23:55:31.774, 330.70, 65, 100, 93223, 1890, 13365
2026/07/30 23:55:32.848, 333.95, 65, 100, 93223, 2122, 13365
2026/07/30 23:55:33.917, 330.82, 70, 95, 93223, 2385, 13365
2026/07/30 23:55:34.990, 340.47, 69, 82, 93223, 2430, 13365
2026/07/30 23:55:36.066, 341.60, 60, 71, 93223, 2010, 13365
2026/07/30 23:55:37.130, 324.98, 61, 70, 93223, 1882, 13365
2026/07/30 23:55:38.196, 323.34, 61, 83, 93223, 1852, 13365
2026/07/30 23:55:39.263, 332.70, 67, 78, 93223, 2227, 13365
2026/07/30 23:55:40.325, 321.68, 60, 71, 93223, 1995, 13365
2026/07/30 23:55:41.388, 324.03, 61, 76, 93223, 1897, 13365
2026/07/30 23:55:42.452, 340.94, 62, 88, 93223, 1830, 13365
2026/07/30 23:55:43.515, 351.17, 65, 97, 93223, 1822, 13365
2026/07/30 23:55:44.578, 334.68, 65, 100, 93223, 1890, 13365
2026/07/30 23:55:45.643, 337.37, 64, 100, 93223, 2017, 13365
2026/07/30 23:55:46.709, 329.14, 67, 100, 93223, 2325, 13365
2026/07/30 23:55:47.783, 339.80, 67, 100, 93223, 1807, 13365
2026/07/30 23:55:48.856, 341.09, 64, 100, 93223, 1972, 13365
2026/07/30 23:55:49.926, 338.60, 68, 100, 93223, 2257, 13365
2026/07/30 23:55:50.997, 341.23, 70, 90, 93223, 2437, 13365
2026/07/30 23:55:52.070, 323.15, 64, 75, 93223, 2197, 13365
2026/07/30 23:55:53.134, 320.30, 62, 71, 93223, 1882, 13365
2026/07/30 23:55:54.199, 325.09, 62, 86, 93223, 1822, 13365
2026/07/30 23:55:55.264, 334.64, 67, 79, 93223, 2205, 13365
2026/07/30 23:55:56.330, 348.25, 61, 71, 93223, 1972, 13365
2026/07/30 23:55:57.393, 336.86, 62, 83, 93223, 1830, 13365
2026/07/30 23:55:58.459, 344.30, 66, 100, 93223, 1785, 13365
2026/07/30 23:55:59.524, 327.14, 64, 100, 93223, 2040, 13365
2026/07/30 23:56:00.589, 325.73, 68, 99, 93223, 2370, 13365
2026/07/30 23:56:01.653, 343.41, 69, 85, 93223, 2317, 13365
2026/07/30 23:56:02.720, 314.81, 61, 71, 93223, 2002, 13365
2026/07/30 23:56:03.786, 340.40, 70, 87, 93223, 2437, 13365
2026/07/30 23:56:04.850, 340.79, 61, 71, 93223, 1980, 13365
2026/07/30 23:56:05.916, 339.40, 62, 82, 93223, 1852, 13365
2026/07/30 23:56:06.983, 344.26, 63, 93, 93225, 1920, 13365
2026/07/30 23:56:08.055, 294.03, 64, 57, 93225, 2610, 13365
2026/07/30 23:56:09.129, 348.62, 65, 56, 93225, 2610, 13365
2026/07/30 23:56:10.210, 350.07, 64, 58, 93225, 2610, 13365
2026/07/30 23:56:11.298, 350.96, 64, 58, 93225, 2610, 13365
2026/07/30 23:56:12.377, 350.58, 64, 59, 93225, 2602, 13365
2026/07/30 23:56:13.461, 348.85, 65, 57, 93225, 2610, 13365
2026/07/30 23:56:14.540, 348.71, 64, 59, 93225, 2610, 13365
2026/07/30 23:56:15.621, 350.34, 64, 59, 93225, 2610, 13365
2026/07/30 23:56:16.702, 346.40, 65, 56, 93225, 2610, 13365
2026/07/30 23:56:17.785, 349.77, 64, 57, 93225, 2610, 13365
2026/07/30 23:56:18.867, 352.24, 64, 59, 93225, 2610, 13365
2026/07/30 23:56:19.948, 348.67, 64, 59, 93225, 2610, 13365
2026/07/30 23:56:21.033, 352.20, 64, 59, 93225, 2610, 13365
2026/07/30 23:56:22.117, 351.65, 64, 59, 93225, 2602, 13365
2026/07/30 23:56:23.196, 345.62, 64, 59, 93225, 2610, 13365
2026/07/30 23:56:24.286, 348.09, 64, 59, 93225, 2610, 13365
2026/07/30 23:56:25.365, 348.86, 65, 57, 93225, 2610, 13365
2026/07/30 23:56:26.440, 347.74, 65, 51, 93225, 2610, 13365
2026/07/30 23:56:27.516, 353.29, 65, 60, 93225, 2602, 13365
2026/07/30 23:56:28.596, 349.32, 66, 59, 93225, 2610, 13365
2026/07/30 23:56:29.673, 349.63, 65, 59, 93225, 2610, 13365
2026/07/30 23:56:30.756, 349.92, 66, 58, 93225, 2610, 13365
2026/07/30 23:56:31.839, 352.13, 64, 59, 93225, 2602, 13365
2026/07/30 23:56:32.919, 350.69, 65, 59, 93225, 2602, 13365
2026/07/30 23:56:34.004, 350.83, 65, 60, 93225, 2602, 13365
2026/07/30 23:56:35.085, 349.40, 65, 60, 93225, 2602, 13365
2026/07/30 23:56:36.166, 349.50, 64, 59, 93225, 2602, 13365
2026/07/30 23:56:37.244, 349.41, 65, 55, 93225, 2602, 13365
2026/07/30 23:56:38.326, 350.76, 65, 57, 93225, 2602, 13365
2026/07/30 23:56:39.412, 348.79, 65, 59, 93225, 2610, 13365
2026/07/30 23:56:40.494, 349.45, 66, 60, 93225, 2610, 13365
2026/07/30 23:56:41.569, 349.19, 66, 59, 93225, 2610, 13365
2026/07/30 23:56:42.655, 353.65, 66, 60, 93225, 2610, 13365
2026/07/30 23:56:43.736, 349.14, 65, 59, 93225, 2602, 13365
2026/07/30 23:56:44.817, 351.72, 64, 58, 93225, 2602, 13365
2026/07/30 23:56:45.903, 352.25, 65, 60, 93225, 2595, 13365
2026/07/30 23:56:46.984, 350.21, 65, 59, 93225, 2602, 13365
2026/07/30 23:56:48.070, 349.83, 65, 59, 93225, 2602, 13365
2026/07/30 23:56:49.149, 348.72, 65, 60, 93225, 2602, 13365
2026/07/30 23:56:50.230, 349.61, 65, 58, 93225, 2602, 13365
2026/07/30 23:56:51.317, 349.26, 66, 59, 93225, 2610, 13365
2026/07/30 23:56:52.397, 353.48, 65, 59, 93225, 2602, 13365
2026/07/30 23:56:53.476, 351.03, 64, 60, 93225, 2595, 13365
2026/07/30 23:56:54.552, 344.19, 66, 61, 93225, 2595, 13365
2026/07/30 23:56:55.622, 304.90, 64, 49, 93225, 2647, 13365
2026/07/30 23:56:56.705, 352.04, 66, 59, 93225, 2602, 13365
2026/07/30 23:56:57.790, 352.54, 65, 59, 93225, 2595, 13365
2026/07/30 23:56:58.866, 347.63, 65, 59, 93225, 2602, 13365
2026/07/30 23:56:59.945, 353.24, 65, 61, 93225, 2602, 13365
2026/07/30 23:57:01.024, 350.19, 65, 61, 93225, 2595, 13365
2026/07/30 23:57:02.102, 347.42, 66, 57, 93225, 2602, 13365
2026/07/30 23:57:03.187, 348.00, 65, 56, 93225, 2610, 13365
2026/07/30 23:57:04.262, 354.82, 66, 61, 93225, 2602, 13365
2026/07/30 23:57:05.344, 345.85, 66, 55, 93225, 2610, 13365
2026/07/30 23:57:06.421, 354.93, 65, 59, 93225, 2610, 13365
2026/07/30 23:57:07.499, 350.92, 66, 59, 93225, 2602, 13365
2026/07/30 23:57:08.576, 351.32, 65, 57, 93225, 2602, 13365
2026/07/30 23:57:09.658, 348.52, 66, 57, 93225, 2595, 13365
2026/07/30 23:57:10.741, 350.13, 64, 59, 93225, 2602, 13365
2026/07/30 23:57:11.824, 347.55, 66, 56, 93225, 2610, 13365
2026/07/30 23:57:12.907, 353.59, 66, 59, 93225, 2602, 13365
2026/07/30 23:57:13.984, 350.95, 66, 59, 93225, 2602, 13365
2026/07/30 23:57:15.061, 348.11, 65, 56, 93225, 2602, 13365
2026/07/30 23:57:16.144, 350.25, 65, 59, 93225, 2602, 13365
2026/07/30 23:57:17.230, 352.30, 66, 59, 93225, 2602, 13365
2026/07/30 23:57:18.316, 349.27, 65, 57, 93225, 2602, 13365
2026/07/30 23:57:19.396, 350.47, 66, 58, 93225, 2602, 13365
2026/07/30 23:57:20.473, 350.51, 66, 58, 93225, 2595, 13365
2026/07/30 23:57:21.561, 350.31, 66, 59, 93225, 2602, 13365
2026/07/30 23:57:22.642, 347.76, 65, 57, 93225, 2602, 13365
2026/07/30 23:57:23.722, 352.51, 65, 59, 93225, 2602, 13365
2026/07/30 23:57:24.803, 349.33, 66, 59, 93225, 2602, 13365
2026/07/30 23:57:25.887, 352.48, 65, 59, 93225, 2602, 13365
2026/07/30 23:57:26.967, 352.08, 65, 59, 93225, 2595, 13365
2026/07/30 23:57:28.043, 349.65, 66, 59, 93225, 2595, 13365
2026/07/30 23:57:29.124, 350.28, 66, 59, 93225, 2602, 13365
2026/07/30 23:57:30.207, 349.60, 65, 59, 93225, 2602, 13365
2026/07/30 23:57:31.294, 349.86, 66, 60, 93225, 2602, 13365
2026/07/30 23:57:32.375, 350.18, 66, 60, 93225, 2602, 13365
2026/07/30 23:57:33.458, 351.90, 66, 59, 93225, 2602, 13365
2026/07/30 23:57:34.543, 350.64, 66, 58, 93225, 2595, 13365
2026/07/30 23:57:35.630, 350.38, 65, 62, 93225, 2595, 13365
2026/07/30 23:57:36.706, 349.16, 66, 60, 93225, 2602, 13365
2026/07/30 23:57:37.787, 350.94, 65, 60, 93225, 2595, 13365
2026/07/30 23:57:38.870, 350.23, 65, 59, 93225, 2595, 13365
2026/07/30 23:57:39.954, 351.43, 66, 59, 93225, 2595, 13365
2026/07/30 23:57:41.033, 349.27, 66, 60, 93225, 2595, 13365
2026/07/30 23:57:42.110, 349.43, 66, 59, 93225, 2595, 13365
2026/07/30 23:57:43.190, 349.20, 65, 59, 93225, 2602, 13365
2026/07/30 23:57:44.272, 351.88, 65, 60, 93225, 2595, 13365
2026/07/30 23:57:45.347, 348.36, 66, 57, 93225, 2602, 13365
2026/07/30 23:57:46.431, 354.20, 65, 60, 93225, 2602, 13365
2026/07/30 23:57:47.518, 297.62, 64, 37, 93225, 2640, 13365
2026/07/30 23:57:48.593, 350.57, 66, 58, 93225, 2610, 13365
2026/07/30 23:57:49.676, 352.19, 65, 59, 93225, 2602, 13365
2026/07/30 23:57:50.757, 352.12, 65, 60, 93225, 2602, 13365
2026/07/30 23:57:51.838, 351.51, 66, 62, 93225, 2595, 13365
2026/07/30 23:57:52.917, 349.68, 66, 59, 93225, 2595, 13365
2026/07/30 23:57:54.001, 346.91, 65, 58, 93225, 2610, 13365
2026/07/30 23:57:55.107, 350.37, 65, 57, 93225, 2602, 13365
2026/07/30 23:57:56.214, 348.70, 66, 59, 93225, 2610, 13365
2026/07/30 23:57:57.300, 352.15, 66, 58, 93225, 2602, 13365
2026/07/30 23:57:58.387, 350.93, 65, 59, 93225, 2595, 13365
2026/07/30 23:57:59.476, 347.18, 66, 58, 93225, 2602, 13365
2026/07/30 23:58:00.607, 352.58, 66, 59, 93225, 2602, 13365
2026/07/30 23:58:01.706, 350.61, 66, 59, 93225, 2602, 13365
2026/07/30 23:58:02.794, 348.00, 65, 57, 93225, 2602, 13365
2026/07/30 23:58:03.881, 349.67, 66, 57, 93225, 2602, 13365
2026/07/30 23:58:04.963, 351.49, 65, 59, 93225, 2602, 13365
2026/07/30 23:58:06.044, 350.31, 66, 59, 93225, 2602, 13365
2026/07/30 23:58:07.126, 351.03, 66, 58, 93225, 2602, 13365
2026/07/30 23:58:08.212, 350.79, 66, 63, 93225, 2602, 13365
2026/07/30 23:58:09.300, 350.23, 65, 60, 93225, 2595, 13365
2026/07/30 23:58:10.379, 349.57, 65, 61, 93225, 2602, 13365
2026/07/30 23:58:11.464, 350.54, 66, 60, 93225, 2595, 13365
2026/07/30 23:58:12.545, 350.05, 66, 60, 93225, 2595, 13365
2026/07/30 23:58:13.632, 350.53, 66, 60, 93225, 2595, 13365
2026/07/30 23:58:14.715, 346.44, 65, 58, 93225, 2602, 13365
2026/07/30 23:58:15.795, 349.76, 65, 58, 93225, 2610, 13365
2026/07/30 23:58:16.876, 351.23, 66, 60, 93225, 2602, 13365
2026/07/30 23:58:17.956, 350.44, 66, 60, 93225, 2602, 13365
2026/07/30 23:58:19.035, 349.29, 65, 59, 93225, 2602, 13365
2026/07/30 23:58:20.119, 349.35, 66, 59, 93225, 2610, 13365
2026/07/30 23:58:21.195, 349.94, 65, 58, 93225, 2610, 13365
2026/07/30 23:58:22.280, 350.33, 66, 57, 93225, 2602, 13365
2026/07/30 23:58:23.360, 349.70, 66, 59, 93225, 2602, 13365
2026/07/30 23:58:24.441, 351.94, 66, 62, 93225, 2602, 13365
2026/07/30 23:58:25.522, 348.91, 66, 57, 93225, 2610, 13365
2026/07/30 23:58:26.606, 348.37, 66, 56, 93225, 2610, 13365
2026/07/30 23:58:27.689, 353.54, 66, 60, 93225, 2610, 13365
2026/07/30 23:58:28.771, 349.50, 65, 59, 93225, 2602, 13365
2026/07/30 23:58:29.854, 349.30, 65, 59, 93225, 2602, 13365
2026/07/30 23:58:30.941, 349.62, 66, 56, 93225, 2602, 13365
2026/07/30 23:58:32.026, 354.04, 66, 59, 93225, 2602, 13365
2026/07/30 23:58:33.104, 350.23, 66, 61, 93225, 2602, 13365
2026/07/30 23:58:34.189, 349.77, 66, 60, 93225, 2602, 13365
2026/07/30 23:58:35.276, 347.76, 66, 58, 93225, 2610, 13365
2026/07/30 23:58:36.359, 351.54, 66, 58, 93225, 2602, 13365
2026/07/30 23:58:37.437, 348.70, 66, 59, 93225, 2602, 13365
2026/07/30 23:58:38.515, 349.65, 66, 60, 93225, 2602, 13365
2026/07/30 23:58:39.596, 304.13, 62, 76, 93225, 2107, 13365
2026/07/30 23:58:40.675, 354.14, 65, 59, 93225, 2610, 13365
2026/07/30 23:58:41.750, 349.93, 66, 59, 93225, 2602, 13365
2026/07/30 23:58:42.839, 350.35, 65, 59, 93225, 2602, 13365
2026/07/30 23:58:43.917, 351.61, 65, 59, 93225, 2602, 13365
2026/07/30 23:58:44.994, 346.77, 66, 58, 93225, 2602, 13365
2026/07/30 23:58:46.072, 346.64, 66, 59, 93225, 2610, 13365
2026/07/30 23:58:47.154, 354.75, 66, 59, 93225, 2610, 13365
2026/07/30 23:58:48.239, 351.14, 66, 59, 93225, 2595, 13365
2026/07/30 23:58:49.321, 350.09, 65, 62, 93225, 2602, 13365
2026/07/30 23:58:50.405, 350.34, 66, 59, 93225, 2602, 13365
2026/07/30 23:58:51.483, 348.46, 66, 58, 93225, 2602, 13365
2026/07/30 23:58:52.564, 350.29, 66, 60, 93225, 2602, 13365
2026/07/30 23:58:53.644, 350.14, 65, 58, 93225, 2595, 13365
2026/07/30 23:58:54.730, 349.65, 65, 59, 93225, 2595, 13365
2026/07/30 23:58:55.811, 349.63, 66, 59, 93225, 2602, 13365
2026/07/30 23:58:56.896, 351.83, 65, 59, 93225, 2602, 13365
2026/07/30 23:58:57.982, 350.19, 65, 61, 93225, 2602, 13365
2026/07/30 23:58:59.062, 348.79, 66, 58, 93225, 2602, 13365
2026/07/30 23:59:00.142, 351.78, 66, 57, 93225, 2602, 13365
2026/07/30 23:59:01.222, 348.81, 65, 60, 93225, 2602, 13365
2026/07/30 23:59:02.309, 350.01, 66, 56, 93225, 2602, 13365
2026/07/30 23:59:03.395, 353.14, 66, 59, 93225, 2602, 13365
2026/07/30 23:59:04.479, 348.49, 65, 57, 93225, 2602, 13365
2026/07/30 23:59:05.555, 347.96, 66, 56, 93225, 2602, 13365
2026/07/30 23:59:06.638, 350.24, 65, 57, 93225, 2610, 13365
2026/07/30 23:59:07.714, 351.56, 67, 59, 93225, 2602, 13365
2026/07/30 23:59:08.799, 350.86, 66, 59, 93225, 2610, 13365
2026/07/30 23:59:09.880, 351.15, 66, 59, 93225, 2602, 13365
2026/07/30 23:59:10.961, 350.96, 65, 60, 93225, 2595, 13365
2026/07/30 23:59:12.042, 350.70, 66, 59, 93225, 2602, 13365
2026/07/30 23:59:13.118, 349.83, 66, 59, 93225, 2602, 13365
2026/07/30 23:59:14.204, 349.75, 66, 61, 93225, 2595, 13365
2026/07/30 23:59:15.285, 285.12, 65, 60, 93225, 2610, 13365
2026/07/30 23:59:16.368, 350.65, 66, 60, 93225, 2610, 13365
2026/07/30 23:59:17.452, 352.23, 66, 58, 93225, 2610, 13365
2026/07/30 23:59:18.524, 350.88, 66, 60, 93225, 2602, 13365
2026/07/30 23:59:19.606, 352.44, 65, 62, 93225, 2602, 13365
2026/07/30 23:59:20.682, 346.21, 66, 58, 93225, 2610, 13365
2026/07/30 23:59:21.762, 351.11, 65, 60, 93225, 2602, 13365
2026/07/30 23:59:22.846, 351.90, 66, 59, 93225, 2602, 13365
2026/07/30 23:59:23.931, 349.54, 66, 57, 93225, 2602, 13365
2026/07/30 23:59:25.014, 349.17, 66, 57, 93225, 2602, 13365
2026/07/30 23:59:26.094, 349.75, 66, 59, 93225, 2602, 13365
2026/07/30 23:59:27.174, 351.05, 65, 56, 93225, 2602, 13365
2026/07/30 23:59:28.250, 349.69, 66, 58, 93225, 2602, 13365
2026/07/30 23:59:29.326, 351.80, 66, 60, 93225, 2595, 13365
2026/07/30 23:59:30.398, 348.54, 66, 60, 93225, 2602, 13365
2026/07/30 23:59:31.478, 349.10, 65, 59, 93225, 2602, 13365
2026/07/30 23:59:32.563, 351.11, 66, 59, 93225, 2602, 13365
2026/07/30 23:59:33.648, 350.67, 65, 61, 93225, 2580, 13365
2026/07/30 23:59:34.728, 349.06, 65, 60, 93225, 2595, 13365
2026/07/30 23:59:35.808, 349.89, 66, 61, 93225, 2602, 13365
2026/07/30 23:59:36.890, 349.49, 66, 59, 93225, 2602, 13365
2026/07/30 23:59:37.969, 349.75, 66, 58, 93225, 2610, 13365
2026/07/30 23:59:39.054, 350.45, 66, 55, 93225, 2602, 13365
2026/07/30 23:59:40.133, 349.94, 65, 57, 93225, 2602, 13365
2026/07/30 23:59:41.215, 351.20, 65, 60, 93225, 2595, 13365
2026/07/30 23:59:42.297, 351.29, 65, 62, 93225, 2595, 13365
2026/07/30 23:59:43.381, 349.80, 66, 60, 93225, 2602, 13365
2026/07/30 23:59:44.462, 348.27, 66, 59, 93225, 2602, 13365
2026/07/30 23:59:45.539, 351.37, 65, 59, 93225, 2602, 13365
2026/07/30 23:59:46.625, 349.08, 66, 56, 93225, 2610, 13365
2026/07/30 23:59:47.711, 349.36, 66, 60, 93225, 2595, 13365
2026/07/30 23:59:48.791, 349.66, 66, 57, 93225, 2610, 13365
2026/07/30 23:59:49.871, 351.34, 65, 60, 93225, 2610, 13365
2026/07/30 23:59:50.948, 348.51, 66, 55, 93225, 2610, 13365
2026/07/30 23:59:52.029, 352.63, 67, 60, 93225, 2602, 13365
2026/07/30 23:59:53.117, 350.49, 65, 57, 93225, 2602, 13365
2026/07/30 23:59:54.196, 350.06, 65, 62, 93225, 2602, 13365
2026/07/30 23:59:55.274, 347.52, 66, 59, 93225, 2602, 13365
2026/07/30 23:59:56.359, 348.56, 66, 58, 93225, 2610, 13365
2026/07/30 23:59:57.440, 352.64, 66, 60, 93225, 2602, 13365
2026/07/30 23:59:58.518, 349.21, 66, 55, 93225, 2602, 13365
2026/07/30 23:59:59.601, 351.81, 66, 60, 93225, 2602, 13365
2026/07/31 00:00:00.686, 347.66, 66, 59, 93225, 2602, 13365
2026/07/31 00:00:01.775, 349.50, 65, 58, 93225, 2610, 13365
2026/07/31 00:00:02.847, 348.52, 66, 59, 93225, 2610, 13365
2026/07/31 00:00:03.924, 350.43, 66, 55, 93225, 2610, 13365
2026/07/31 00:00:05.009, 350.55, 65, 56, 93225, 2610, 13365
2026/07/31 00:00:06.099, 351.35, 66, 59, 93225, 2610, 13365
2026/07/31 00:00:07.181, 341.19, 65, 56, 93225, 2610, 13365
2026/07/31 00:00:08.259, 298.90, 65, 58, 93225, 2610, 13365
2026/07/31 00:00:09.342, 350.46, 65, 59, 93225, 2610, 13365
2026/07/31 00:00:10.425, 354.17, 66, 58, 93225, 2602, 13365
2026/07/31 00:00:11.497, 346.05, 66, 58, 93225, 2610, 13365
2026/07/31 00:00:12.578, 354.81, 65, 60, 93225, 2610, 13365
2026/07/31 00:00:13.659, 350.80, 66, 59, 93225, 2602, 13365
2026/07/31 00:00:14.736, 347.28, 66, 61, 93225, 2602, 13365
2026/07/31 00:00:15.813, 350.52, 65, 60, 93225, 2602, 13365
2026/07/31 00:00:16.891, 348.17, 66, 59, 93225, 2610, 13365
2026/07/31 00:00:17.976, 349.19, 65, 58, 93225, 2610, 13365
2026/07/31 00:00:19.059, 349.01, 66, 57, 93225, 2610, 13365
2026/07/31 00:00:20.139, 352.33, 66, 58, 93225, 2610, 13365
2026/07/31 00:00:21.226, 349.65, 66, 58, 93225, 2610, 13365
2026/07/31 00:00:22.303, 351.95, 65, 60, 93225, 2602, 13365
2026/07/31 00:00:23.382, 350.26, 66, 59, 93225, 2602, 13365
2026/07/31 00:00:24.464, 348.23, 65, 58, 93225, 2610, 13365
2026/07/31 00:00:25.541, 349.70, 67, 59, 93225, 2610, 13365
2026/07/31 00:00:26.619, 349.09, 66, 59, 93225, 2610, 13365
2026/07/31 00:00:27.701, 350.05, 66, 56, 93225, 2610, 13365
2026/07/31 00:00:28.781, 350.85, 66, 59, 93225, 2610, 13365
2026/07/31 00:00:29.869, 348.36, 66, 56, 93225, 2610, 13365
2026/07/31 00:00:30.951, 349.38, 65, 56, 93225, 2610, 13365
2026/07/31 00:00:32.035, 354.02, 65, 59, 93225, 2610, 13365
2026/07/31 00:00:33.122, 351.44, 65, 60, 93225, 2602, 13365
2026/07/31 00:00:34.205, 351.51, 65, 58, 93225, 2602, 13365
2026/07/31 00:00:35.283, 346.21, 65, 57, 93225, 2602, 13365
2026/07/31 00:00:36.363, 348.26, 65, 58, 93225, 2610, 13365
2026/07/31 00:00:37.440, 350.28, 66, 59, 93225, 2610, 13365
2026/07/31 00:00:38.522, 351.09, 67, 56, 93225, 2610, 13365
2026/07/31 00:00:39.610, 350.95, 66, 59, 93225, 2610, 13365
2026/07/31 00:00:40.693, 349.79, 67, 59, 93225, 2610, 13365
2026/07/31 00:00:41.778, 352.38, 66, 59, 93225, 2610, 13365
2026/07/31 00:00:42.862, 350.39, 65, 59, 93225, 2602, 13365
2026/07/31 00:00:43.943, 347.76, 66, 57, 93225, 2610, 13365
2026/07/31 00:00:45.025, 352.11, 66, 60, 93225, 2602, 13365
2026/07/31 00:00:46.106, 348.94, 66, 59, 93225, 2602, 13365
2026/07/31 00:00:47.186, 348.51, 66, 53, 93225, 2602, 13365
2026/07/31 00:00:48.267, 350.98, 65, 57, 93225, 2610, 13365
2026/07/31 00:00:49.350, 351.58, 66, 59, 93225, 2602, 13365
2026/07/31 00:00:50.436, 348.03, 66, 58, 93225, 2610, 13365
2026/07/31 00:00:51.518, 349.77, 66, 57, 93225, 2610, 13365
2026/07/31 00:00:52.601, 351.32, 67, 59, 93225, 2610, 13365
2026/07/31 00:00:53.682, 349.32, 65, 57, 93225, 2602, 13365
2026/07/31 00:00:54.760, 352.38, 66, 60, 93225, 2602, 13365
2026/07/31 00:00:55.837, 350.66, 66, 60, 93225, 2595, 13365
2026/07/31 00:00:56.912, 349.41, 66, 59, 93225, 2602, 13365
2026/07/31 00:00:57.991, 351.91, 66, 60, 93225, 2595, 13365
2026/07/31 00:00:59.079, 349.49, 66, 60, 93225, 2587, 13365
2026/07/31 00:01:00.167, 298.40, 69, 100, 93225, 2280, 13365
2026/07/31 00:01:01.257, 350.64, 66, 55, 93225, 2610, 13365
2026/07/31 00:01:02.333, 354.91, 66, 59, 93225, 2595, 13365
2026/07/31 00:01:03.412, 348.16, 65, 59, 93225, 2602, 13365
2026/07/31 00:01:04.491, 350.64, 65, 60, 93225, 2602, 13365
2026/07/31 00:01:05.573, 348.60, 65, 56, 93225, 2602, 13365
2026/07/31 00:01:06.658, 351.05, 66, 59, 93225, 2610, 13365
2026/07/31 00:01:07.744, 350.46, 66, 59, 93225, 2602, 13365
2026/07/31 00:01:08.820, 349.88, 65, 58, 93225, 2602, 13365
2026/07/31 00:01:09.905, 350.09, 66, 58, 93225, 2602, 13365
2026/07/31 00:01:10.986, 351.48, 65, 58, 93225, 2602, 13365
2026/07/31 00:01:12.067, 351.66, 67, 59, 93225, 2610, 13365
2026/07/31 00:01:13.151, 350.42, 66, 58, 93225, 2602, 13365
2026/07/31 00:01:14.232, 350.68, 66, 61, 93225, 2595, 13365
2026/07/31 00:01:15.318, 349.46, 65, 59, 93225, 2602, 13365
2026/07/31 00:01:16.400, 347.89, 66, 57, 93225, 2602, 13365
2026/07/31 00:01:17.480, 349.68, 66, 59, 93225, 2602, 13365
2026/07/31 00:01:18.562, 349.48, 66, 59, 93225, 2602, 13365
2026/07/31 00:01:19.639, 349.27, 66, 59, 93225, 2610, 13365
2026/07/31 00:01:20.721, 349.90, 66, 59, 93225, 2610, 13365
2026/07/31 00:01:21.802, 348.96, 66, 59, 93225, 2610, 13365
2026/07/31 00:01:22.879, 350.44, 66, 58, 93225, 2602, 13365
2026/07/31 00:01:23.958, 351.34, 66, 58, 93225, 2610, 13365
2026/07/31 00:01:25.039, 350.13, 67, 58, 93225, 2602, 13365
2026/07/31 00:01:26.120, 350.18, 66, 59, 93225, 2602, 13365
2026/07/31 00:01:27.198, 350.36, 65, 57, 93225, 2610, 13365
2026/07/31 00:01:28.281, 350.65, 65, 57, 93225, 2610, 13365
2026/07/31 00:01:29.353, 351.71, 65, 60, 93225, 2602, 13365
2026/07/31 00:01:30.428, 349.11, 65, 58, 93225, 2610, 13365
2026/07/31 00:01:31.511, 348.88, 66, 59, 93225, 2610, 13365
2026/07/31 00:01:32.592, 349.52, 66, 59, 93225, 2610, 13365
2026/07/31 00:01:33.667, 352.14, 66, 59, 93225, 2610, 13365
2026/07/31 00:01:34.741, 349.09, 65, 57, 93225, 2602, 13365
2026/07/31 00:01:35.820, 348.75, 65, 58, 93225, 2610, 13365
2026/07/31 00:01:36.900, 347.61, 67, 58, 93225, 2610, 13365
2026/07/31 00:01:37.973, 350.20, 66, 58, 93225, 2610, 13365
2026/07/31 00:01:39.051, 350.81, 67, 59, 93225, 2610, 13365
2026/07/31 00:01:40.131, 348.12, 66, 55, 93225, 2610, 13365
2026/07/31 00:01:41.218, 351.21, 66, 59, 93225, 2610, 13365
2026/07/31 00:01:42.299, 351.46, 65, 54, 93225, 2610, 13365
2026/07/31 00:01:43.384, 351.55, 65, 59, 93225, 2610, 13365
2026/07/31 00:01:44.467, 352.21, 66, 59, 93225, 2602, 13365
2026/07/31 00:01:45.550, 348.73, 65, 58, 93225, 2602, 13365
2026/07/31 00:01:46.624, 350.07, 67, 60, 93225, 2602, 13365
2026/07/31 00:01:47.697, 319.78, 66, 57, 93225, 2610, 13365
2026/07/31 00:01:48.772, 334.56, 65, 59, 93225, 2617, 13365
2026/07/31 00:01:49.853, 351.98, 66, 59, 93225, 2602, 13365
2026/07/31 00:01:50.932, 349.75, 66, 59, 93225, 2595, 13365
2026/07/31 00:01:52.018, 351.38, 66, 60, 93225, 2602, 13365
2026/07/31 00:01:53.103, 348.53, 65, 57, 93225, 2602, 13365
2026/07/31 00:01:54.179, 352.37, 66, 59, 93225, 2602, 13365
2026/07/31 00:01:55.254, 349.42, 66, 59, 93225, 2602, 13365
2026/07/31 00:01:56.334, 346.40, 66, 59, 93225, 2610, 13365
2026/07/31 00:01:57.418, 349.85, 65, 59, 93225, 2610, 13365
2026/07/31 00:01:58.493, 348.63, 66, 59, 93225, 2602, 13365
2026/07/31 00:01:59.570, 351.60, 65, 58, 93225, 2610, 13365
2026/07/31 00:02:00.653, 352.91, 66, 61, 93225, 2595, 13365
2026/07/31 00:02:01.729, 348.18, 65, 56, 93225, 2610, 13365
2026/07/31 00:02:02.812, 352.55, 67, 59, 93225, 2602, 13365
2026/07/31 00:02:03.890, 349.43, 66, 59, 93225, 2602, 13365
2026/07/31 00:02:04.965, 348.71, 66, 57, 93225, 2610, 13365
2026/07/31 00:02:06.043, 351.36, 67, 59, 93225, 2610, 13365
2026/07/31 00:02:07.125, 351.21, 66, 59, 93225, 2602, 13365
2026/07/31 00:02:08.209, 348.99, 66, 59, 93225, 2595, 13365
2026/07/31 00:02:09.289, 348.98, 66, 60, 93225, 2602, 13365
2026/07/31 00:02:10.371, 349.87, 66, 59, 93225, 2602, 13365
2026/07/31 00:02:11.443, 351.15, 66, 60, 93225, 2602, 13365
2026/07/31 00:02:12.525, 347.65, 66, 59, 93225, 2602, 13365
2026/07/31 00:02:13.612, 349.99, 66, 59, 93225, 2602, 13365
2026/07/31 00:02:14.695, 351.88, 66, 60, 93225, 2602, 13365
2026/07/31 00:02:15.771, 350.20, 66, 59, 93225, 2602, 13365
2026/07/31 00:02:16.856, 347.52, 65, 59, 93225, 2610, 13365
2026/07/31 00:02:17.946, 351.33, 65, 61, 93225, 2602, 13365
2026/07/31 00:02:19.027, 350.57, 66, 59, 93225, 2602, 13365
2026/07/31 00:02:20.108, 350.22, 65, 59, 93225, 2602, 13365
2026/07/31 00:02:21.187, 349.94, 65, 60, 93225, 2602, 13365
2026/07/31 00:02:22.264, 350.01, 66, 62, 93225, 2602, 13365
2026/07/31 00:02:23.348, 350.31, 66, 59, 93225, 2595, 13365
2026/07/31 00:02:24.432, 348.80, 66, 59, 93225, 2602, 13365
2026/07/31 00:02:25.509, 350.82, 65, 59, 93225, 2602, 13365
2026/07/31 00:02:26.590, 348.75, 66, 55, 93225, 2602, 13365
2026/07/31 00:02:27.670, 350.65, 65, 58, 93225, 2602, 13365
2026/07/31 00:02:28.754, 346.83, 66, 59, 93225, 2610, 13365
2026/07/31 00:02:29.838, 350.39, 65, 58, 93225, 2610, 13365
2026/07/31 00:02:30.923, 349.78, 66, 59, 93225, 2610, 13365
2026/07/31 00:02:32.007, 350.21, 65, 59, 93225, 2610, 13365
2026/07/31 00:02:33.091, 351.36, 66, 59, 93225, 2610, 13365
2026/07/31 00:02:34.171, 352.51, 65, 60, 93225, 2602, 13365
2026/07/31 00:02:35.245, 348.46, 67, 59, 93225, 2602, 13365
2026/07/31 00:02:36.322, 351.57, 66, 59, 93225, 2602, 13365
2026/07/31 00:02:37.402, 349.67, 65, 60, 93225, 2602, 13365
2026/07/31 00:02:38.484, 347.96, 66, 55, 93225, 2602, 13365
2026/07/31 00:02:39.573, 350.95, 65, 60, 93225, 2602, 13365
2026/07/31 00:02:40.655, 286.43, 67, 100, 93225, 1560, 13365
2026/07/31 00:02:41.741, 351.55, 65, 56, 93225, 2610, 13365
2026/07/31 00:02:42.815, 351.08, 65, 58, 93225, 2610, 13365
2026/07/31 00:02:43.897, 350.69, 66, 59, 93225, 2602, 13365
2026/07/31 00:02:44.978, 346.65, 66, 56, 93225, 2610, 13365
2026/07/31 00:02:46.061, 350.14, 66, 59, 93225, 2610, 13365
2026/07/31 00:02:47.143, 349.83, 66, 59, 93225, 2610, 13365
2026/07/31 00:02:48.221, 351.54, 66, 59, 93225, 2610, 13365
2026/07/31 00:02:49.303, 351.57, 66, 59, 93225, 2602, 13365
2026/07/31 00:02:50.377, 349.17, 65, 58, 93225, 2610, 13365
2026/07/31 00:02:51.453, 350.18, 65, 58, 93225, 2610, 13365
2026/07/31 00:02:52.540, 352.25, 66, 60, 93225, 2602, 13365
2026/07/31 00:02:53.621, 350.97, 66, 60, 93225, 2602, 13365
2026/07/31 00:02:54.701, 349.63, 66, 60, 93225, 2595, 13365
2026/07/31 00:02:55.779, 349.65, 66, 59, 93225, 2610, 13365
2026/07/31 00:02:56.868, 350.15, 66, 59, 93225, 2602, 13365
2026/07/31 00:02:57.952, 349.12, 65, 57, 93225, 2595, 13365
2026/07/31 00:02:59.037, 351.43, 66, 60, 93225, 2602, 13365
2026/07/31 00:03:00.120, 346.38, 66, 58, 93225, 2602, 13365
2026/07/31 00:03:01.199, 349.09, 66, 60, 93225, 2602, 13365
2026/07/31 00:03:02.284, 351.67, 66, 59, 93225, 2610, 13365
2026/07/31 00:03:03.373, 350.65, 66, 59, 93225, 2602, 13365
2026/07/31 00:03:04.457, 350.24, 65, 60, 93225, 2602, 13365
2026/07/31 00:03:05.535, 347.89, 66, 61, 93225, 2602, 13365
2026/07/31 00:03:06.612, 347.87, 66, 59, 93225, 2602, 13365
2026/07/31 00:03:07.687, 350.02, 66, 59, 93225, 2602, 13365
2026/07/31 00:03:08.765, 351.55, 65, 59, 93225, 2602, 13365
2026/07/31 00:03:09.846, 347.39, 66, 59, 93225, 2602, 13365
2026/07/31 00:03:10.923, 349.89, 66, 59, 93225, 2602, 13365
2026/07/31 00:03:12.010, 350.02, 66, 61, 93225, 2602, 13365
2026/07/31 00:03:13.092, 348.88, 66, 59, 93225, 2602, 13365
2026/07/31 00:03:14.176, 347.69, 65, 58, 93225, 2610, 13365
2026/07/31 00:03:15.259, 351.08, 65, 55, 93225, 2610, 13365
2026/07/31 00:03:16.343, 345.85, 65, 56, 93225, 2610, 13365
2026/07/31 00:03:17.426, 350.47, 67, 59, 93225, 2610, 13365
2026/07/31 00:03:18.509, 352.17, 66, 59, 93225, 2610, 13365
2026/07/31 00:03:19.591, 348.91, 66, 59, 93225, 2610, 13365
2026/07/31 00:03:20.672, 348.00, 65, 56, 93225, 2610, 13365
2026/07/31 00:03:21.755, 352.72, 66, 60, 93225, 2610, 13365
2026/07/31 00:03:22.838, 347.94, 66, 57, 93225, 2602, 13365
2026/07/31 00:03:23.911, 351.61, 65, 58, 93225, 2610, 13365
2026/07/31 00:03:24.992, 349.32, 66, 58, 93225, 2610, 13365
2026/07/31 00:03:26.068, 315.10, 66, 59, 93225, 2610, 13365
2026/07/31 00:03:27.140, 300.08, 64, 56, 93225, 2610, 13365
2026/07/31 00:03:28.222, 352.48, 65, 57, 93225, 2610, 13365
2026/07/31 00:03:29.297, 352.17, 65, 59, 93225, 2610, 13365
2026/07/31 00:03:30.370, 350.39, 65, 61, 93225, 2610, 13365
2026/07/31 00:03:31.443, 348.42, 66, 59, 93225, 2602, 13365
2026/07/31 00:03:32.519, 351.48, 66, 59, 93225, 2610, 13365
2026/07/31 00:03:33.598, 350.19, 66, 59, 93225, 2610, 13365
2026/07/31 00:03:34.678, 351.26, 65, 60, 93225, 2610, 13365
2026/07/31 00:03:35.752, 351.41, 66, 61, 93225, 2610, 13365
2026/07/31 00:03:36.834, 347.76, 66, 55, 93225, 2602, 13365
2026/07/31 00:03:37.918, 349.11, 65, 58, 93225, 2610, 13365
2026/07/31 00:03:39.000, 350.61, 65, 61, 93225, 2610, 13365
2026/07/31 00:03:40.079, 348.29, 65, 56, 93225, 2610, 13365
2026/07/31 00:03:41.157, 349.95, 65, 57, 93225, 2610, 13365
2026/07/31 00:03:42.233, 350.25, 65, 56, 93225, 2610, 13365
2026/07/31 00:03:43.316, 350.15, 66, 59, 93225, 2610, 13365
2026/07/31 00:03:44.394, 351.23, 66, 59, 93225, 2610, 13365
2026/07/31 00:03:45.477, 351.13, 66, 58, 93225, 2602, 13365
2026/07/31 00:03:46.553, 348.30, 66, 57, 93225, 2610, 13365
2026/07/31 00:03:47.630, 352.26, 66, 59, 93225, 2610, 13365
2026/07/31 00:03:48.713, 348.01, 67, 59, 93225, 2610, 13365
2026/07/31 00:03:49.798, 347.63, 66, 59, 93225, 2610, 13365
2026/07/31 00:03:50.879, 350.12, 65, 56, 93225, 2610, 13365
2026/07/31 00:03:51.956, 350.07, 65, 56, 93225, 2610, 13365
2026/07/31 00:03:53.040, 349.56, 66, 55, 93225, 2610, 13365
2026/07/31 00:03:54.122, 350.13, 66, 58, 93225, 2610, 13365
2026/07/31 00:03:55.202, 350.11, 65, 57, 93225, 2610, 13365
2026/07/31 00:03:56.287, 351.18, 66, 59, 93225, 2610, 13365
2026/07/31 00:03:57.373, 350.75, 66, 59, 93225, 2610, 13365
2026/07/31 00:03:58.457, 351.59, 66, 60, 93225, 2602, 13365
2026/07/31 00:03:59.543, 351.78, 66, 60, 93225, 2595, 13365
2026/07/31 00:04:00.627, 349.24, 66, 60, 93225, 2595, 13365
2026/07/31 00:04:01.707, 348.99, 66, 59, 93225, 2602, 13365
2026/07/31 00:04:02.783, 350.14, 66, 59, 93225, 2602, 13365
2026/07/31 00:04:03.864, 350.83, 66, 60, 93225, 2602, 13365
2026/07/31 00:04:04.943, 349.61, 65, 58, 93225, 2602, 13365
2026/07/31 00:04:06.023, 350.88, 66, 59, 93225, 2602, 13365
2026/07/31 00:04:07.110, 352.03, 65, 61, 93225, 2595, 13365
2026/07/31 00:04:08.189, 347.47, 66, 59, 93225, 2602, 13365
2026/07/31 00:04:09.273, 348.66, 65, 56, 93225, 2602, 13365
2026/07/31 00:04:10.350, 349.56, 65, 57, 93225, 2610, 13365
2026/07/31 00:04:11.431, 350.15, 66, 59, 93225, 2610, 13365
2026/07/31 00:04:12.507, 349.26, 66, 59, 93225, 2610, 13365
2026/07/31 00:04:13.584, 350.98, 65, 58, 93225, 2610, 13365
2026/07/31 00:04:14.663, 350.79, 65, 58, 93225, 2602, 13365
2026/07/31 00:04:15.741, 350.32, 66, 59, 93225, 2602, 13365
2026/07/31 00:04:16.819, 351.46, 66, 60, 93225, 2602, 13365
2026/07/31 00:04:17.899, 347.87, 66, 59, 93225, 2610, 13365
